<?xml version="1.0" encoding="UTF-8" standalone="no"?>
<SCANS>
	<Root path="\\ADMIN-AR\C$\">
		<Path>\\ADMIN-AR\C$\</Path>
		<Date>44335.6807377199</Date>
		<Version>8.1.2.1575</Version>
		<SizeData Size="90549568725" Allocated="90755764224" Files="173355"/>
		<Freespace>763416576</Freespace>
	</Root>
	<Root path="\\ADMIN-AR\C$\">
		<Path>\\ADMIN-AR\C$\</Path>
		<Date>44335.6858454398</Date>
		<Version>8.1.2.1575</Version>
		<SizeData Size="86228179791" Allocated="86468669440" Files="169525"/>
		<Freespace>2820673536</Freespace>
	</Root>
	<Root path="\\DESKTOP-KHPHHKO\C$\">
		<Path>\\DESKTOP-KHPHHKO\C$\</Path>
		<Date>44349.8541037847</Date>
		<Version>8.1.2.1575</Version>
		<SizeData Size="192659429694" Allocated="178962620416" Files="258920"/>
		<Freespace>39333392384</Freespace>
	</Root>
	<Root path="\\SAIRAM\C$\">
		<Path>\\SAIRAM\C$\</Path>
		<Date>44349.9348147685</Date>
		<Version>8.1.2.1575</Version>
		<SizeData Size="219960845110" Allocated="206344052736" Files="256714"/>
		<Freespace>13245988864</Freespace>
	</Root>
	<Root path="\\SAIRAM\C$\">
		<Path>\\SAIRAM\C$\</Path>
		<Date>44349.9364240509</Date>
		<Version>8.1.2.1575</Version>
		<SizeData Size="209994587491" Allocated="196383383552" Files="256910"/>
		<Freespace>26862923776</Freespace>
	</Root>
	<Root path="\\SAIRAM\C$\">
		<Path>\\SAIRAM\C$\</Path>
		<Date>44349.9376837847</Date>
		<Version>8.1.2.1575</Version>
		<SizeData Size="198692965608" Allocated="185075634176" Files="253985"/>
		<Freespace>34521456640</Freespace>
	</Root>
	<Root path="\\SAIRAM\D$\">
		<Path>\\SAIRAM\D$\</Path>
		<Date>44350.5559381366</Date>
		<Version>8.1.2.1575</Version>
		<SizeData Size="833478133108" Allocated="833576828928" Files="49549"/>
		<Freespace>165605785600</Freespace>
	</Root>
	<Root path="\\SAIRAM\D$\">
		<Path>\\SAIRAM\D$\</Path>
		<Date>44351.0639455556</Date>
		<Version>8.1.2.1575</Version>
		<SizeData Size="923533898673" Allocated="921959084032" Files="51072"/>
		<Freespace>77222928384</Freespace>
	</Root>
	<Root path="\\SAIRAM\D$\">
		<Path>\\SAIRAM\D$\</Path>
		<Date>44351.0643659375</Date>
		<Version>8.1.2.1575</Version>
		<SizeData Size="793823108311" Allocated="792248262656" Files="51052"/>
		<Freespace>206933753856</Freespace>
	</Root>
	<Root path="\\SAIRAM\D$\">
		<Path>\\SAIRAM\D$\</Path>
		<Date>44351.0650648611</Date>
		<Version>8.1.2.1575</Version>
		<SizeData Size="793823100607" Allocated="792248254464" Files="51046"/>
		<Freespace>206933766144</Freespace>
	</Root>
	<Root path="\\SAIRAM\D$\">
		<Path>\\SAIRAM\D$\</Path>
		<Date>44351.0650652199</Date>
		<Version>8.1.2.1575</Version>
		<SizeData Size="793823100478" Allocated="792248254464" Files="51045"/>
		<Freespace>206933766144</Freespace>
	</Root>
	<Root path="\\SAIRAM\D$\">
		<Path>\\SAIRAM\D$\</Path>
		<Date>44351.0650660185</Date>
		<Version>8.1.2.1575</Version>
		<SizeData Size="793823100607" Allocated="792248254464" Files="51046"/>
		<Freespace>206933766144</Freespace>
	</Root>
	<Root path="\\SAIRAM\D$\">
		<Path>\\SAIRAM\D$\</Path>
		<Date>44351.0650674306</Date>
		<Version>8.1.2.1575</Version>
		<SizeData Size="793823100607" Allocated="792248254464" Files="51046"/>
		<Freespace>206933766144</Freespace>
	</Root>
	<Root path="\\SAIRAM\C$\">
		<Path>\\SAIRAM\C$\</Path>
		<Date>44362.9758396065</Date>
		<Version>8.1.2.1575</Version>
		<SizeData Size="177173309006" Allocated="165741457408" Files="441558"/>
		<Freespace>53559529472</Freespace>
	</Root>
	<Root path="\\SAIRAM\D$\">
		<Path>\\SAIRAM\D$\</Path>
		<Date>44362.976198287</Date>
		<Version>8.1.2.1575</Version>
		<SizeData Size="862961546168" Allocated="861386936320" Files="51150"/>
		<Freespace>137794990080</Freespace>
	</Root>  <Root path="\\SAIRAM\C$\">
    <Path>\\SAIRAM\C$\</Path>
    <Date>44364.3639365394</Date>
    <Version>8.1.2.1575</Version>
    <SizeData Size="107826635050" Allocated="85280755712" Files="302009"/>
    <Freespace>138951704576</Freespace>
  </Root>
</SCANS>
