<?xml version="1.0" encoding="utf-8"?>
<aliases xmlns="http://softerra.com/2007/LDAP/attributeAliases" 
         xmlns:xsi="http://www.w3.org/2001/XMLSchema-instance"
         xsi:schemaLocation="http://softerra.com/2007/LDAP/attributeAliases AttributeNameAliases.xsd">

  <alias name="firstname">
    <attributeName>givenName</attributeName>
  </alias>
  
  <alias name="lastname">
    <attributeName>sn</attributeName>
  </alias>

  <alias name="fullname">
    <attributeName>cn</attributeName>
  </alias>
  
  <alias name="username">
    <attributeName>samAccountName</attributeName>
    <attributeName>uid</attributeName>
  </alias>
</aliases>
