﻿<?xml version="1.0" encoding="utf-8"?>

<friendlyNames xmlns="http://softerra.com/2007/LDAP/friendlyNames"
               xmlns:xsi="http://www.w3.org/2001/XMLSchema-instance"
               xsi:schemaLocation="http://softerra.com/2007/LDAP/friendlyNames AttributefriendlyNames.xsd">
    <friendlyNameItem>
        <ldapName>givenName</ldapName>
        <friendlyName>First Name</friendlyName>
        <origin>RFC2256</origin>
    </friendlyNameItem>
    <friendlyNameItem>
        <ldapName>sn</ldapName>
        <friendlyName>Last Name</friendlyName>
        <origin>RFC2256</origin>
    </friendlyNameItem>
    <friendlyNameItem>
        <ldapName>initials</ldapName>
        <friendlyName>Initials</friendlyName>
        <origin>RFC2256</origin>
    </friendlyNameItem>
    <friendlyNameItem>
        <ldapName>description</ldapName>
        <friendlyName>Description</friendlyName>
        <origin>RFC2256</origin>
    </friendlyNameItem>
    <friendlyNameItem>
        <ldapName>physicalDeliveryOfficeName</ldapName>
        <friendlyName>Office</friendlyName>
        <origin>RFC1274</origin>
    </friendlyNameItem>
    <friendlyNameItem>
        <ldapName>telephoneNumber</ldapName>
        <friendlyName>Telephone Number</friendlyName>
        <origin>RFC1274</origin>
    </friendlyNameItem>
    <friendlyNameItem>
        <ldapName>otherTelephone</ldapName>
        <friendlyName>Telephone Number (Other)</friendlyName>
    </friendlyNameItem>
    <friendlyNameItem>
        <ldapName>mail</ldapName>
        <friendlyName>Email</friendlyName>
        <origin>RFC1274</origin>
    </friendlyNameItem>
    <friendlyNameItem>
        <ldapName>wwwHomePage</ldapName>
        <friendlyName>Web Page</friendlyName>
    </friendlyNameItem>
    <friendlyNameItem>
        <ldapName>url</ldapName>
        <friendlyName>Web Page (Other)</friendlyName>
    </friendlyNameItem>
    <friendlyNameItem>
        <ldapName>userPrincipalName</ldapName>
        <friendlyName>User Logon Name</friendlyName>
    </friendlyNameItem>
    <friendlyNameItem>
        <ldapName>sAMAccountname</ldapName>
        <friendlyName>Logon Name (pre-Windows 2000)</friendlyName>
    </friendlyNameItem>
    <friendlyNameItem>
        <ldapName>logonHours</ldapName>
        <friendlyName>Logon Hours</friendlyName>
    </friendlyNameItem>
    <friendlyNameItem>
        <ldapName>logonWorkstation</ldapName>
        <friendlyName>Log On To</friendlyName>
    </friendlyNameItem>
    <friendlyNameItem>
        <ldapName>userAccountControl</ldapName>
        <friendlyName>Account Options</friendlyName>
    </friendlyNameItem>
  <friendlyNameItem>
    <ldapName>msDS-User-Account-Control-Computed</ldapName>
    <friendlyName>Account Options Computed</friendlyName>
  </friendlyNameItem>
    <friendlyNameItem>
        <ldapName>accountExpires</ldapName>
        <friendlyName>Account Expires</friendlyName>
    </friendlyNameItem>
    <friendlyNameItem>
        <ldapName>streetAddress</ldapName>
        <friendlyName>Street Address</friendlyName>
        <origin>RFC2256</origin>
    </friendlyNameItem>
    <friendlyNameItem>
        <ldapName>street</ldapName>
        <friendlyName>Street</friendlyName>
    </friendlyNameItem>
    <friendlyNameItem>
        <ldapName>postOfficeBox</ldapName>
        <friendlyName>P.O.Box</friendlyName>
        <origin>RFC1274</origin>
    </friendlyNameItem>
    <friendlyNameItem>
        <ldapName>l</ldapName>
        <friendlyName>City</friendlyName>
        <origin>RFC2256</origin>
    </friendlyNameItem>
    <friendlyNameItem>
        <ldapName>st</ldapName>
        <friendlyName>State/Province</friendlyName>
        <origin>RFC2256</origin>
    </friendlyNameItem>
    <friendlyNameItem>
        <ldapName>postalCode</ldapName>
        <friendlyName>Zip/Postal Code</friendlyName>
        <origin>RFC1274</origin>
    </friendlyNameItem>
    <friendlyNameItem>
        <ldapName>c</ldapName>
        <friendlyName>Country</friendlyName>
        <origin>RFC2256</origin>
    </friendlyNameItem>
    <friendlyNameItem>
        <ldapName>countryCode</ldapName>
        <friendlyName>Country Code</friendlyName>
    </friendlyNameItem>
    <friendlyNameItem>
        <ldapName>co</ldapName>
        <friendlyName>Country Name</friendlyName>
    </friendlyNameItem>
    <friendlyNameItem>
        <ldapName>memberOf</ldapName>
        <friendlyName>Member Of</friendlyName>
    </friendlyNameItem>
    <friendlyNameItem>
        <ldapName>primaryGroupID</ldapName>
        <friendlyName>Primary Group ID</friendlyName>
    </friendlyNameItem>
    <friendlyNameItem>
        <ldapName>title</ldapName>
        <friendlyName>Title</friendlyName>
        <origin>RFC2256</origin>
    </friendlyNameItem>
    <friendlyNameItem>
        <ldapName>department</ldapName>
        <friendlyName>Department</friendlyName>
    </friendlyNameItem>
    <friendlyNameItem>
        <ldapName>company</ldapName>
        <friendlyName>Company</friendlyName>
    </friendlyNameItem>
    <friendlyNameItem>
        <ldapName>manager</ldapName>
        <friendlyName>Manager</friendlyName>
        <origin>RFC1274</origin>
    </friendlyNameItem>
    <friendlyNameItem>
        <ldapName>directReports</ldapName>
        <friendlyName>Direct Reports</friendlyName>
    </friendlyNameItem>
    <friendlyNameItem>
        <ldapName>profilePath</ldapName>
        <friendlyName>Profile Path</friendlyName>
    </friendlyNameItem>
    <friendlyNameItem>
        <ldapName>scriptPath</ldapName>
        <friendlyName>Logon Script</friendlyName>
    </friendlyNameItem>
    <friendlyNameItem>
        <ldapName>homeDirectory</ldapName>
        <friendlyName>Home Directory</friendlyName>
        <origin>RFC2307</origin>
    </friendlyNameItem>
    <friendlyNameItem>
        <ldapName>homeDrive</ldapName>
        <friendlyName>Home Directory Drive</friendlyName>
    </friendlyNameItem>
    <friendlyNameItem>
        <ldapName>homePhone</ldapName>
        <friendlyName>Home Phone</friendlyName>
    </friendlyNameItem>
    <friendlyNameItem>
        <ldapName>otherHomePhone</ldapName>
        <friendlyName>Home Phone (Other)</friendlyName>
    </friendlyNameItem>
    <friendlyNameItem>
        <ldapName>pager</ldapName>
        <friendlyName>Pager</friendlyName>
        <origin>RFC1274</origin>
    </friendlyNameItem>
    <friendlyNameItem>
        <ldapName>otherPager</ldapName>
        <friendlyName>Pager (Other)</friendlyName>
    </friendlyNameItem>
    <friendlyNameItem>
        <ldapName>mobile</ldapName>
        <friendlyName>Mobile Phone</friendlyName>
        <origin>RFC1274</origin>
    </friendlyNameItem>
    <friendlyNameItem>
        <ldapName>otherMobile</ldapName>
        <friendlyName>Mobile Phone (Other)</friendlyName>
    </friendlyNameItem>
    <friendlyNameItem>
        <ldapName>facsimileTelephoneNumber</ldapName>
        <friendlyName>Fax</friendlyName>
        <origin>RFC2256</origin>
    </friendlyNameItem>
    <friendlyNameItem>
        <ldapName>otherFacsimileTelephoneNumber</ldapName>
        <friendlyName>Fax (Other)</friendlyName>
    </friendlyNameItem>
    <friendlyNameItem>
        <ldapName>ipPhone</ldapName>
        <friendlyName>IP Phone</friendlyName>
    </friendlyNameItem>
    <friendlyNameItem>
        <ldapName>otherIpPhone</ldapName>
        <friendlyName>IP phone (Other)</friendlyName>
    </friendlyNameItem>
    <friendlyNameItem>
        <ldapName>info</ldapName>
        <friendlyName>Notes</friendlyName>
    </friendlyNameItem>
    <friendlyNameItem>
        <ldapName>groupType</ldapName>
        <friendlyName>Group Type</friendlyName>
    </friendlyNameItem>
    <friendlyNameItem>
        <ldapName>audio</ldapName>
        <friendlyName>Audio</friendlyName>
        <origin>RFC1274</origin>
    </friendlyNameItem>
    <friendlyNameItem>
        <ldapName>businessCategory</ldapName>
        <friendlyName>Business Category</friendlyName>
        <origin>RFC2256</origin>
    </friendlyNameItem>
    <friendlyNameItem>
        <ldapName>carLicense</ldapName>
        <friendlyName>Car License</friendlyName>
        <origin>RFC2798</origin>
    </friendlyNameItem>
    <friendlyNameItem>
        <ldapName>cn</ldapName>
        <friendlyName>Common Name</friendlyName>
        <origin>RFC2256</origin>
    </friendlyNameItem>
    <friendlyNameItem>
        <ldapName>departmentNumber</ldapName>
        <friendlyName>Department Number</friendlyName>
        <origin>RFC2798</origin>
    </friendlyNameItem>
    <friendlyNameItem>
        <ldapName>destinationIndicator</ldapName>
        <friendlyName>Destination Indicator</friendlyName>
        <origin>RFC1274</origin>
    </friendlyNameItem>
    <friendlyNameItem>
        <ldapName>displayName</ldapName>
        <friendlyName>Display Name</friendlyName>
        <origin>RFC2798</origin>
    </friendlyNameItem>
    <friendlyNameItem>
        <ldapName>dc</ldapName>
        <friendlyName>Domain Component</friendlyName>
        <origin>RFC2247</origin>
    </friendlyNameItem>
    <friendlyNameItem>
        <ldapName>employeeNumber</ldapName>
        <friendlyName>Employee Number</friendlyName>
        <origin>RFC2798</origin>
    </friendlyNameItem>
    <friendlyNameItem>
        <ldapName>employeeType</ldapName>
        <friendlyName>Employee Type</friendlyName>
        <origin>RFC2798</origin>
    </friendlyNameItem>
    <friendlyNameItem>
        <ldapName>gecos</ldapName>
        <friendlyName>GECOS</friendlyName>
        <origin>RFC2307</origin>
    </friendlyNameItem>
    <friendlyNameItem>
        <ldapName>gidNumber</ldapName>
        <friendlyName>Group Number</friendlyName>
        <origin>RFC2307</origin>
    </friendlyNameItem>
    <friendlyNameItem>
        <ldapName>homePostalAddress</ldapName>
        <friendlyName>Home Address</friendlyName>
        <origin>RFC1274</origin>
    </friendlyNameItem>
    <friendlyNameItem>
        <ldapName>internationaliSDNNumber</ldapName>
        <friendlyName>International ISDN Number</friendlyName>
        <origin>RFC1274</origin>
    </friendlyNameItem>
    <friendlyNameItem>
        <ldapName>jpegPhoto</ldapName>
        <friendlyName>JPEG Photo</friendlyName>
        <origin>RFC1274</origin>
    </friendlyNameItem>
    <friendlyNameItem>
        <ldapName>labeledURI</ldapName>
        <friendlyName>Labeled URI</friendlyName>
        <origin>RFC2079</origin>
    </friendlyNameItem>
    <friendlyNameItem>
        <ldapName>loginShell</ldapName>
        <friendlyName>Login Shell</friendlyName>
        <origin>RFC2307</origin>
    </friendlyNameItem>
    <friendlyNameItem>
        <ldapName>namingContexts</ldapName>
        <friendlyName>Naming Contexts</friendlyName>
        <origin>RFC2252</origin>
    </friendlyNameItem>
    <friendlyNameItem>
        <ldapName>o</ldapName>
        <friendlyName>Organization</friendlyName>
        <origin>RFC2256</origin>
    </friendlyNameItem>
    <friendlyNameItem>
        <ldapName>ou</ldapName>
        <friendlyName>Organizational Unit</friendlyName>
        <origin>RFC2256</origin>
    </friendlyNameItem>
    <friendlyNameItem>
        <ldapName>photo</ldapName>
        <friendlyName>Photo</friendlyName>
        <origin>RFC1274</origin>
    </friendlyNameItem>
    <friendlyNameItem>
        <ldapName>postalAddress</ldapName>
        <friendlyName>Postal Address</friendlyName>
        <origin>RFC1274</origin>
    </friendlyNameItem>
    <friendlyNameItem>
        <ldapName>preferredDeliveryMethod</ldapName>
        <friendlyName>Preferred Delivery Method</friendlyName>
        <origin>RFC1274</origin>
    </friendlyNameItem>
    <friendlyNameItem>
        <ldapName>preferredLanguage</ldapName>
        <friendlyName>Preferred Language</friendlyName>
        <origin>RFC2798</origin>
    </friendlyNameItem>
    <friendlyNameItem>
        <ldapName>registeredAddress</ldapName>
        <friendlyName>Registered Address</friendlyName>
        <origin>RFC1274</origin>
    </friendlyNameItem>
    <friendlyNameItem>
        <ldapName>roomNumber</ldapName>
        <friendlyName>Room Number</friendlyName>
        <origin>RFC1274</origin>
    </friendlyNameItem>
    <friendlyNameItem>
        <ldapName>searchGuide</ldapName>
        <friendlyName>Search Guide</friendlyName>
        <origin>RFC1274</origin>
    </friendlyNameItem>
    <friendlyNameItem>
        <ldapName>secretary</ldapName>
        <friendlyName>Secretary</friendlyName>
        <origin>RFC1274</origin>
    </friendlyNameItem>
    <friendlyNameItem>
        <ldapName>seeAlso</ldapName>
        <friendlyName>See Also</friendlyName>
        <origin>RFC1274</origin>
    </friendlyNameItem>
    <friendlyNameItem>
        <ldapName>supportedControl</ldapName>
        <friendlyName>Supported Control</friendlyName>
        <origin>RFC2252</origin>
    </friendlyNameItem>
    <friendlyNameItem>
        <ldapName>supportedExtension</ldapName>
        <friendlyName>Supported Extension</friendlyName>
        <origin>RFC2252</origin>
    </friendlyNameItem>
    <friendlyNameItem>
        <ldapName>supportedSASLMechanisms</ldapName>
        <friendlyName>Supported SASL Mechanisms</friendlyName>
        <origin>RFC2252</origin>
    </friendlyNameItem>
    <friendlyNameItem>
        <ldapName>supportedLDAPPolicies</ldapName>
        <friendlyName>Supported LDAP Policies</friendlyName>
        <origin>MSDN</origin>
    </friendlyNameItem>
    <friendlyNameItem>
        <ldapName>teletexTerminalIdentifier</ldapName>
        <friendlyName>Teletex Terminal Identifier</friendlyName>
        <origin>RFC1274</origin>
    </friendlyNameItem>
    <friendlyNameItem>
        <ldapName>telexNumber</ldapName>
        <friendlyName>Telex Number</friendlyName>
        <origin>RFC1274</origin>
    </friendlyNameItem>
    <friendlyNameItem>
        <ldapName>uid</ldapName>
        <friendlyName>User ID</friendlyName>
        <origin>RFC1274</origin>
    </friendlyNameItem>
    <friendlyNameItem>
        <ldapName>uidNumber</ldapName>
        <friendlyName>User Unique Identifer</friendlyName>
        <origin>RFC2307</origin>
    </friendlyNameItem>
    <friendlyNameItem>
        <ldapName>userCertificate</ldapName>
        <friendlyName>User Certificate</friendlyName>
        <origin>RFC1274</origin>
    </friendlyNameItem>
    <friendlyNameItem>
        <ldapName>userSMIMECertificate</ldapName>
        <friendlyName>User SMIME Certificate</friendlyName>
        <origin>RFC2798</origin>
    </friendlyNameItem>
    <friendlyNameItem>
        <ldapName>userPKCS12</ldapName>
        <friendlyName>User PKCS12</friendlyName>
        <origin>RFC2798</origin>
    </friendlyNameItem>
    <friendlyNameItem>
        <ldapName>x500UniqueIdentifier</ldapName>
        <friendlyName>x500 Unique Identifier</friendlyName>
        <origin>RFC2256</origin>
    </friendlyNameItem>
    <friendlyNameItem>
        <ldapName>x121Address</ldapName>
        <friendlyName>X121 Address</friendlyName>
        <origin>RFC1274</origin>
    </friendlyNameItem>
    <friendlyNameItem>
        <ldapName>defaultGroup</ldapName>
        <friendlyName>Default Group</friendlyName>
    </friendlyNameItem>
    <friendlyNameItem>
        <ldapName>managedObjects</ldapName>
        <friendlyName>Managed Objects</friendlyName>
    </friendlyNameItem>
    <friendlyNameItem>
        <ldapName>managedBy</ldapName>
        <friendlyName>Managed By</friendlyName>
    </friendlyNameItem>
    <friendlyNameItem>
        <ldapName>whenCreated</ldapName>
        <friendlyName>When Created</friendlyName>
    </friendlyNameItem>
    <friendlyNameItem>
        <ldapName>whenChanged</ldapName>
        <friendlyName>When Changed</friendlyName>
    </friendlyNameItem>
    <friendlyNameItem>
        <ldapName>codePage</ldapName>
        <friendlyName>Code Page</friendlyName>
    </friendlyNameItem>
    <friendlyNameItem>
        <ldapName>employeeID</ldapName>
        <friendlyName>Employee ID</friendlyName>
    </friendlyNameItem>
    <friendlyNameItem>
        <ldapName>generationQualifier</ldapName>
        <friendlyName>Generation Qualifier</friendlyName>
    </friendlyNameItem>
    <friendlyNameItem>
        <ldapName>msExchHouseIdentifier</ldapName>
        <friendlyName>House Identifier</friendlyName>
    </friendlyNameItem>
    <friendlyNameItem>
        <ldapName>networkAddress</ldapName>
        <friendlyName>Network Address</friendlyName>
    </friendlyNameItem>
    <friendlyNameItem>
        <ldapName>otherMailbox</ldapName>
        <friendlyName>Mailbox (Other)</friendlyName>
    </friendlyNameItem>
    <friendlyNameItem>
        <ldapName>middleName</ldapName>
        <friendlyName>Middle Name</friendlyName>
    </friendlyNameItem>
    <friendlyNameItem>
        <ldapName>personalTitle</ldapName>
        <friendlyName>Personal Title</friendlyName>
    </friendlyNameItem>
    <friendlyNameItem>
        <ldapName>primaryInternationalISDNNumber</ldapName>
        <friendlyName>Primary ISDN Number</friendlyName>
    </friendlyNameItem>
    <friendlyNameItem>
        <ldapName>versionNumber</ldapName>
        <friendlyName>Version Number</friendlyName>
    </friendlyNameItem>
    <friendlyNameItem>
        <ldapName>notes</ldapName>
        <friendlyName>Additional Information</friendlyName>
    </friendlyNameItem>
    <friendlyNameItem>
        <ldapName>comment</ldapName>
        <friendlyName>User Comment</friendlyName>
    </friendlyNameItem>
    <friendlyNameItem>
        <ldapName>houseIdentifier</ldapName>
        <friendlyName>House Identifier</friendlyName>
    </friendlyNameItem>
    <friendlyNameItem>
        <ldapName>machineRole</ldapName>
        <friendlyName>Machine Role</friendlyName>
    </friendlyNameItem>
    <friendlyNameItem>
        <ldapName>operatingSystem</ldapName>
        <friendlyName>Operating System</friendlyName>
    </friendlyNameItem>
    <friendlyNameItem>
        <ldapName>operatingSystemHotfix</ldapName>
        <friendlyName>Operating System Hotfix</friendlyName>
    </friendlyNameItem>
    <friendlyNameItem>
        <ldapName>operatingSystemServicePack</ldapName>
        <friendlyName>Operating System Service Pack</friendlyName>
    </friendlyNameItem>
    <friendlyNameItem>
        <ldapName>operatingSystemVersion</ldapName>
        <friendlyName>Operating System Version</friendlyName>
    </friendlyNameItem>
    <friendlyNameItem>
        <ldapName>physicalLocationObject</ldapName>
        <friendlyName>Physical Location</friendlyName>
    </friendlyNameItem>
    <friendlyNameItem>
        <ldapName>primaryTelexNumber</ldapName>
        <friendlyName>Primary Telex Number</friendlyName>
    </friendlyNameItem>
    <friendlyNameItem>
        <ldapName>localeID</ldapName>
        <friendlyName>Locale ID</friendlyName>
    </friendlyNameItem>
    <friendlyNameItem>
        <ldapName>aNR</ldapName>
        <friendlyName>Name (ANR)</friendlyName>
    </friendlyNameItem>
    <friendlyNameItem>
        <ldapName>assistant</ldapName>
        <friendlyName>Assistant</friendlyName>
    </friendlyNameItem>
    <friendlyNameItem>
        <ldapName>division</ldapName>
        <friendlyName>Division</friendlyName>
    </friendlyNameItem>
    <friendlyNameItem>
        <ldapName>adminCount</ldapName>
        <friendlyName>Admin Count</friendlyName>
    </friendlyNameItem>
    <friendlyNameItem>
        <ldapName>badPasswordTime</ldapName>
        <friendlyName>Bad Password Time</friendlyName>
    </friendlyNameItem>
    <friendlyNameItem>
        <ldapName>badPwdCount</ldapName>
        <friendlyName>Bad Password Count</friendlyName>
    </friendlyNameItem>
    <friendlyNameItem>
        <ldapName>creationTime</ldapName>
        <friendlyName>Creation Time</friendlyName>
    </friendlyNameItem>
    <friendlyNameItem>
        <ldapName>distinguishedName</ldapName>
        <friendlyName>Distinguished Name</friendlyName>
    </friendlyNameItem>
    <friendlyNameItem>
        <ldapName>dNReferenceUpdate</ldapName>
        <friendlyName>DN Reference Update</friendlyName>
    </friendlyNameItem>
    <friendlyNameItem>
        <ldapName>dNSHostName</ldapName>
        <friendlyName>DNS Host Name</friendlyName>
    </friendlyNameItem>
    <friendlyNameItem>
        <ldapName>dSCorePropagationData</ldapName>
        <friendlyName>DS Core Propagation Data</friendlyName>
    </friendlyNameItem>
    <friendlyNameItem>
        <ldapName>flags</ldapName>
        <friendlyName>Flags</friendlyName>
    </friendlyNameItem>
    <friendlyNameItem>
        <ldapName>flatName</ldapName>
        <friendlyName>Flat Name</friendlyName>
    </friendlyNameItem>
    <friendlyNameItem>
        <ldapName>forceLogoff</ldapName>
        <friendlyName>Force Logoff</friendlyName>
    </friendlyNameItem>
    <friendlyNameItem>
        <ldapName>frsComputerReferenceBL</ldapName>
        <friendlyName>FRS Computer Reference BL</friendlyName>
    </friendlyNameItem>
    <friendlyNameItem>
        <ldapName>fRSFileFilter</ldapName>
        <friendlyName>FRS File Filter</friendlyName>
    </friendlyNameItem>
    <friendlyNameItem>
        <ldapName>fRSPrimaryMember</ldapName>
        <friendlyName>FRS Primary Member</friendlyName>
    </friendlyNameItem>
    <friendlyNameItem>
        <ldapName>fRSReplicaSetGUID</ldapName>
        <friendlyName>FRS Replica Set GUID</friendlyName>
    </friendlyNameItem>
    <friendlyNameItem>
        <ldapName>fRSReplicaSetType</ldapName>
        <friendlyName>FRS Replica Set Type</friendlyName>
    </friendlyNameItem>
    <friendlyNameItem>
        <ldapName>fRSVersionGUID</ldapName>
        <friendlyName>FRS Version GUID</friendlyName>
    </friendlyNameItem>
    <friendlyNameItem>
        <ldapName>fSMORoleOwner</ldapName>
        <friendlyName>FSMO Role Owner</friendlyName>
    </friendlyNameItem>
    <friendlyNameItem>
        <ldapName>gPCFileSysPath</ldapName>
        <friendlyName>GPC File Sys Path</friendlyName>
    </friendlyNameItem>
    <friendlyNameItem>
        <ldapName>gPCFunctionalityVersion</ldapName>
        <friendlyName>GPC Functionality Version</friendlyName>
    </friendlyNameItem>
    <friendlyNameItem>
        <ldapName>gPCMachineExtensionNames</ldapName>
        <friendlyName>GPC Machine Extension Names</friendlyName>
    </friendlyNameItem>
    <friendlyNameItem>
        <ldapName>gPCUserExtensionNames</ldapName>
        <friendlyName>GPC User Extension Names</friendlyName>
    </friendlyNameItem>
    <friendlyNameItem>
        <ldapName>gPLink</ldapName>
        <friendlyName>Group Policy Link</friendlyName>
    </friendlyNameItem>
    <friendlyNameItem>
        <ldapName>gPOptions</ldapName>
        <friendlyName>Group Policy Options</friendlyName>
    </friendlyNameItem>
    <friendlyNameItem>
        <ldapName>instanceType</ldapName>
        <friendlyName>Instance Type</friendlyName>
    </friendlyNameItem>
    <friendlyNameItem>
        <ldapName>ipsecData</ldapName>
        <friendlyName>Ipsec Data</friendlyName>
    </friendlyNameItem>
    <friendlyNameItem>
        <ldapName>ipsecDataType</ldapName>
        <friendlyName>Ipsec Data Type</friendlyName>
    </friendlyNameItem>
    <friendlyNameItem>
        <ldapName>ipsecID</ldapName>
        <friendlyName>Ipsec ID</friendlyName>
    </friendlyNameItem>
    <friendlyNameItem>
        <ldapName>ipsecName</ldapName>
        <friendlyName>Ipsec Name</friendlyName>
    </friendlyNameItem>
    <friendlyNameItem>
        <ldapName>ipsecNegotiationPolicyReference</ldapName>
        <friendlyName>Ipsec Negotiation Policy Reference</friendlyName>
    </friendlyNameItem>
    <friendlyNameItem>
        <ldapName>ipsecNFAReference</ldapName>
        <friendlyName>Ipsec NFA Reference</friendlyName>
    </friendlyNameItem>
    <friendlyNameItem>
        <ldapName>ipsecOwnerReference</ldapName>
        <friendlyName>Ipsec Owners Reference</friendlyName>
    </friendlyNameItem>
    <friendlyNameItem>
        <ldapName>isCriticalSystemObject</ldapName>
        <friendlyName>Is Critical System Object</friendlyName>
    </friendlyNameItem>
    <friendlyNameItem>
        <ldapName>keywords</ldapName>
        <friendlyName>Keywords</friendlyName>
    </friendlyNameItem>
    <friendlyNameItem>
        <ldapName>lastKnownParent</ldapName>
        <friendlyName>Last Known Parent</friendlyName>
    </friendlyNameItem>
    <friendlyNameItem>
        <ldapName>lastLogoff</ldapName>
        <friendlyName>Last Logoff</friendlyName>
    </friendlyNameItem>
    <friendlyNameItem>
        <ldapName>lastLogon</ldapName>
        <friendlyName>Last Logon</friendlyName>
    </friendlyNameItem>
    <friendlyNameItem>
        <ldapName>lastSetTime</ldapName>
        <friendlyName>Last Set Time</friendlyName>
    </friendlyNameItem>
    <friendlyNameItem>
        <ldapName>linkTrackSecret</ldapName>
        <friendlyName>Link Track Secret</friendlyName>
    </friendlyNameItem>
    <friendlyNameItem>
        <ldapName>localPolicyFlags</ldapName>
        <friendlyName>Local Policy Flags</friendlyName>
    </friendlyNameItem>
    <friendlyNameItem>
        <ldapName>lockoutDuration</ldapName>
        <friendlyName>Lockout Duration</friendlyName>
    </friendlyNameItem>
    <friendlyNameItem>
        <ldapName>lockOutObservationWindow</ldapName>
        <friendlyName>Lock Out Observation Window</friendlyName>
    </friendlyNameItem>
    <friendlyNameItem>
        <ldapName>lockoutThreshold</ldapName>
        <friendlyName>Lockout Threshold</friendlyName>
    </friendlyNameItem>
    <friendlyNameItem>
        <ldapName>logonCount</ldapName>
        <friendlyName>Logon Count</friendlyName>
    </friendlyNameItem>
    <friendlyNameItem>
        <ldapName>maxPwdAge</ldapName>
        <friendlyName>Max Password Age</friendlyName>
    </friendlyNameItem>
    <friendlyNameItem>
        <ldapName>member</ldapName>
        <friendlyName>Member</friendlyName>
    </friendlyNameItem>
    <friendlyNameItem>
        <ldapName>minPwdAge</ldapName>
        <friendlyName>Min Password Age</friendlyName>
    </friendlyNameItem>
    <friendlyNameItem>
        <ldapName>minPwdLength</ldapName>
        <friendlyName>Min Password Length</friendlyName>
    </friendlyNameItem>
    <friendlyNameItem>
        <ldapName>modifiedCount</ldapName>
        <friendlyName>Modified Count</friendlyName>
    </friendlyNameItem>
    <friendlyNameItem>
        <ldapName>modifiedCountAtLastProm</ldapName>
        <friendlyName>Modified Count At Last Promotion</friendlyName>
    </friendlyNameItem>
    <friendlyNameItem>
        <ldapName>mSMQDigests</ldapName>
        <friendlyName>MSMQ Digests</friendlyName>
    </friendlyNameItem>
    <friendlyNameItem>
        <ldapName>mSMQSignCertificates</ldapName>
        <friendlyName>MSMQ Sign Certificates</friendlyName>
    </friendlyNameItem>
    <friendlyNameItem>
        <ldapName>msDS-TombstoneQuotaFactor</ldapName>
        <friendlyName>ms-DS Tombstone Quota Factor</friendlyName>
    </friendlyNameItem>
    <friendlyNameItem>
        <ldapName>name</ldapName>
        <friendlyName>Name</friendlyName>
    </friendlyNameItem>
    <friendlyNameItem>
        <ldapName>nextRid</ldapName>
        <friendlyName>Next Rid</friendlyName>
    </friendlyNameItem>
    <friendlyNameItem>
        <ldapName>nTSecurityDescriptor</ldapName>
        <friendlyName>NT Security Descriptor</friendlyName>
    </friendlyNameItem>
    <friendlyNameItem>
        <ldapName>objectCategory</ldapName>
        <friendlyName>Object Category</friendlyName>
    </friendlyNameItem>
    <friendlyNameItem>
        <ldapName>objectClass</ldapName>
        <friendlyName>Object Class</friendlyName>
    </friendlyNameItem>
    <friendlyNameItem>
        <ldapName>objectGUID</ldapName>
        <friendlyName>Object GUID</friendlyName>
    </friendlyNameItem>
    <friendlyNameItem>
        <ldapName>objectSid</ldapName>
        <friendlyName>Object SID</friendlyName>
    </friendlyNameItem>
    <friendlyNameItem>
        <ldapName>priorSetTime</ldapName>
        <friendlyName>Prior Set Time</friendlyName>
    </friendlyNameItem>
    <friendlyNameItem>
        <ldapName>pwdHistoryLength</ldapName>
        <friendlyName>Password History Length</friendlyName>
    </friendlyNameItem>
    <friendlyNameItem>
        <ldapName>pwdLastSet</ldapName>
        <friendlyName>Password Last Set</friendlyName>
    </friendlyNameItem>
    <friendlyNameItem>
        <ldapName>pwdProperties</ldapName>
        <friendlyName>Password Properties</friendlyName>
    </friendlyNameItem>
    <friendlyNameItem>
        <ldapName>rIDAvailablePool</ldapName>
        <friendlyName>RID Available Pool</friendlyName>
    </friendlyNameItem>
    <friendlyNameItem>
        <ldapName>rIDSetReferences</ldapName>
        <friendlyName>RID Set References</friendlyName>
    </friendlyNameItem>
    <friendlyNameItem>
        <ldapName>rIDUsedPool</ldapName>
        <friendlyName>RID Used Pool</friendlyName>
    </friendlyNameItem>
    <friendlyNameItem>
        <ldapName>sAMAccountType</ldapName>
        <friendlyName>SAM Account Type</friendlyName>
    </friendlyNameItem>
    <friendlyNameItem>
        <ldapName>securityIdentifier</ldapName>
        <friendlyName>Security Identifier</friendlyName>
    </friendlyNameItem>
    <friendlyNameItem>
        <ldapName>serverReferenceBL</ldapName>
        <friendlyName>Server Reference BL</friendlyName>
    </friendlyNameItem>
    <friendlyNameItem>
        <ldapName>serverState</ldapName>
        <friendlyName>Server State</friendlyName>
    </friendlyNameItem>
    <friendlyNameItem>
        <ldapName>serviceBindingInformation</ldapName>
        <friendlyName>Service Binding Information</friendlyName>
    </friendlyNameItem>
    <friendlyNameItem>
        <ldapName>serviceClassName</ldapName>
        <friendlyName>Service Class Name</friendlyName>
    </friendlyNameItem>
    <friendlyNameItem>
        <ldapName>serviceDNSName</ldapName>
        <friendlyName>Service DNS Name</friendlyName>
    </friendlyNameItem>
    <friendlyNameItem>
        <ldapName>serviceDNSNameType</ldapName>
        <friendlyName>Service DNS Name Type</friendlyName>
    </friendlyNameItem>
    <friendlyNameItem>
        <ldapName>servicePrincipalName</ldapName>
        <friendlyName>Service Principal Name</friendlyName>
    </friendlyNameItem>
    <friendlyNameItem>
        <ldapName>showInAdvancedViewOnly</ldapName>
        <friendlyName>Show In Advanced View Only</friendlyName>
    </friendlyNameItem>
    <friendlyNameItem>
        <ldapName>systemFlags</ldapName>
        <friendlyName>System Flags</friendlyName>
    </friendlyNameItem>
    <friendlyNameItem>
        <ldapName>timeRefresh</ldapName>
        <friendlyName>Time Refresh</friendlyName>
    </friendlyNameItem>
    <friendlyNameItem>
        <ldapName>timeVolChange</ldapName>
        <friendlyName>Time Volume Change</friendlyName>
    </friendlyNameItem>
    <friendlyNameItem>
        <ldapName>trustAttributes</ldapName>
        <friendlyName>Trust Attributes</friendlyName>
    </friendlyNameItem>
    <friendlyNameItem>
        <ldapName>trustDirection</ldapName>
        <friendlyName>Trust Direction</friendlyName>
    </friendlyNameItem>
    <friendlyNameItem>
        <ldapName>trustPartner</ldapName>
        <friendlyName>Trust Partner</friendlyName>
    </friendlyNameItem>
    <friendlyNameItem>
        <ldapName>trustPosixOffset</ldapName>
        <friendlyName>Trust Posix Offset</friendlyName>
    </friendlyNameItem>
    <friendlyNameItem>
        <ldapName>trustType</ldapName>
        <friendlyName>Trust Type</friendlyName>
    </friendlyNameItem>
    <friendlyNameItem>
        <ldapName>uASCompat</ldapName>
        <friendlyName>UAS Compatible</friendlyName>
    </friendlyNameItem>
    <friendlyNameItem>
        <ldapName>uSNChanged</ldapName>
        <friendlyName>USN Changed</friendlyName>
    </friendlyNameItem>
    <friendlyNameItem>
        <ldapName>uSNCreated</ldapName>
        <friendlyName>USN Created</friendlyName>
    </friendlyNameItem>
    <friendlyNameItem>
        <ldapName>volTableIdxGUID</ldapName>
        <friendlyName>Volume Table Index GUID</friendlyName>
    </friendlyNameItem>
    <friendlyNameItem>
      <ldapName>userWorkstations</ldapName>
      <friendlyName>Logon Workstations</friendlyName>
    </friendlyNameItem>
    <friendlyNameItem>
      <ldapName>userParameters</ldapName>
      <friendlyName>User Parameters</friendlyName>
    </friendlyNameItem>
    <friendlyNameItem>
      <ldapName>mailNickname</ldapName>
      <friendlyName>Exchange Alias</friendlyName>
    </friendlyNameItem>
    <friendlyNameItem>
      <ldapName>homeMDB</ldapName>
      <friendlyName>Exchange Mailbox Store</friendlyName>
    </friendlyNameItem>
    <friendlyNameItem>
      <ldapName>textEncodedORAddress</ldapName>
      <friendlyName>X.400 Email Address</friendlyName>
    </friendlyNameItem>
    <friendlyNameItem>
      <ldapName>proxyAddresses</ldapName>
      <friendlyName>Email Proxy Addresses</friendlyName>
    </friendlyNameItem>
    <friendlyNameItem>
      <ldapName>altRecipient</ldapName>
      <friendlyName>Forward To</friendlyName>
    </friendlyNameItem>
    <friendlyNameItem>
      <ldapName>unicodePwd</ldapName>
      <friendlyName>Password</friendlyName>
    </friendlyNameItem>
  <friendlyNameItem>
    <ldapName>msRTCSIP-PrimaryUserAddress</ldapName>
    <friendlyName>Primary SIP Address</friendlyName>
  </friendlyNameItem>
  <friendlyNameItem>
    <ldapName>msExchHideFromAddressLists</ldapName>
    <friendlyName>Hide from Address Lists</friendlyName>
  </friendlyNameItem>
  <friendlyNameItem>
    <ldapName>msExchRecipientTypeDetails</ldapName>
    <friendlyName>Recipient Type Details</friendlyName>
  </friendlyNameItem>
  <friendlyNameItem>
    <ldapName>mDBOverHardQuotaLimit</ldapName>
    <friendlyName>Prohibit Send and Receive</friendlyName>
  </friendlyNameItem>
  <friendlyNameItem>
    <ldapName>mDBOverQuotaLimit</ldapName>
    <friendlyName>Prohibit Send</friendlyName>
  </friendlyNameItem>
  <friendlyNameItem>
    <ldapName>mDBStorageQuota</ldapName>
    <friendlyName>Issue Warning</friendlyName>
  </friendlyNameItem>
  <friendlyNameItem>
    <ldapName>garbageCollPeriod</ldapName>
    <friendlyName>Keep Deleted Items</friendlyName>
  </friendlyNameItem>
  <friendlyNameItem>
    <ldapName>submissionContLength</ldapName>
    <friendlyName>Max Sending Message Size</friendlyName>
  </friendlyNameItem>
  <friendlyNameItem>
    <ldapName>delivContLength</ldapName>
    <friendlyName>Max Receiving Message Size</friendlyName>
  </friendlyNameItem>
  <friendlyNameItem>
    <ldapName>msExchRecipLimit</ldapName>
    <friendlyName>Maximum Recipients</friendlyName>
  </friendlyNameItem>
  <friendlyNameItem>
    <ldapName>deliverAndRedirect</ldapName>
    <friendlyName>Deliver and Redirect</friendlyName>
  </friendlyNameItem>
  <friendlyNameItem>
    <ldapName>msExchOWAPolicy</ldapName>
    <friendlyName>OWA Policy</friendlyName>
  </friendlyNameItem>
  <friendlyNameItem>
    <ldapName>msExchMobileMailboxPolicyLink</ldapName>
    <friendlyName>Mobile Mailbox Policy</friendlyName>
  </friendlyNameItem>
  <friendlyNameItem>
    <ldapName>msExchUMTemplateLink</ldapName>
    <friendlyName>UM Mailbox Policy</friendlyName>
  </friendlyNameItem>
  <friendlyNameItem>
    <ldapName>msExchELCExpirySuspensionStart</ldapName>
    <friendlyName>Retention Start Date</friendlyName>
  </friendlyNameItem>
  <friendlyNameItem>
    <ldapName>msExchELCExpirySuspensionEnd</ldapName>
    <friendlyName>Retention End Date</friendlyName>
  </friendlyNameItem>
  <friendlyNameItem>
    <ldapName>msExchLitigationHoldOwner</ldapName>
    <friendlyName>Litigation Hold Owner</friendlyName>
  </friendlyNameItem>
  <friendlyNameItem>
    <ldapName>msExchLitigationHoldDate</ldapName>
    <friendlyName>Litigation Hold Date</friendlyName>
  </friendlyNameItem>
  <friendlyNameItem>
    <ldapName>msExchRetentionComment</ldapName>
    <friendlyName>Retention Note</friendlyName>
  </friendlyNameItem>
  <friendlyNameItem>
    <ldapName>msExchRetentionURL</ldapName>
    <friendlyName>Retention URL</friendlyName>
  </friendlyNameItem>
  <friendlyNameItem>
    <ldapName>msExchArchiveDatabaseLink</ldapName>
    <friendlyName>Archive Database</friendlyName>
  </friendlyNameItem>
  <friendlyNameItem>
    <ldapName>msExchArchiveName</ldapName>
    <friendlyName>Archive Name</friendlyName>
  </friendlyNameItem>
  <friendlyNameItem>
    <ldapName>msExchArchiveQuota</ldapName>
    <friendlyName>Archive Quota</friendlyName>
  </friendlyNameItem>
  <friendlyNameItem>
    <ldapName>msExchArchiveWarnQuota</ldapName>
    <friendlyName>Archive Quota Warning</friendlyName>
  </friendlyNameItem>
</friendlyNames>
