﻿<?xml version="1.0" encoding="UTF-8"?>

<!--
    This file can be used to extend OIDs recognition with your own OIDs 
    or those that are 3rd patry and do not recognized by LDAP Administrator.
    
    Also you can adjust search engine the application uses when you 
    double click on an OID value.
    
    There are several places where you can put this file:
    
    1. current folder (where aplication starts) - .\
    2. user data folder - e.g. C:\Users\%USERNAME%\AppData\Local\Softerra\LDAP Administrator 4
    3. application installation folder - e.g. C:\Program Files\Softerra\LDAP Administrator 4
    4. application platform installation folder C:\Program Files\Common Files\Softerra\Platform 4
    
    While scanning for this file the application alos tries an alternative 
    path that is created by appending 'Naming' suffix to each folder
    mentioned above.
-->

<oidsInfo xmlns="http://softerra.com/2009/LDAP/OIDsInfo"
          xmlns:xsi="http://www.w3.org/2001/XMLSchema-instance"
          xsi:schemaLocation="http://softerra.com/2009/LDAP/OIDsInfo OIDsInfo.xsd">

    <settings>
        <!-- <searchEngine request="http://www.google.com/search?q={0}"/> -->
        <!-- <searchEngine request="http://www.oid-info.com/get/{0}"/> -->
    </settings>

    <oidCollection>
        <!-- <oid key="1.3.6.1.4.1.15741" text="Softerra, Ltd."/> -->
        <!-- <oid key="1.3.6.1.4.1.15741.1" text="Softerra LDAP Administrator"/> -->
        <!-- <oid key="1.3.6.1.4.1.15741.2" text="Softerra Adaxes"/> -->
    </oidCollection>
</oidsInfo>
